{
  "main": {
    "id": "5e9306e0f363e565",
    "type": "split",
    "children": [
      {
        "id": "0449d4b2bc14da3e",
        "type": "tabs",
        "children": [
          {
            "id": "62a6857671bee9ac",
            "type": "leaf",
            "state": {
              "type": "empty",
              "state": {}
            }
          }
        ]
      }
    ],
    "direction": "vertical"
  },
  "left": {
    "id": "3e01e7776d3a5dac",
    "type": "split",
    "children": [
      {
        "id": "dee0c6e2d265af4b",
        "type": "tabs",
        "children": [
          {
            "id": "75bc887b52c00e8c",
            "type": "leaf",
            "state": {
              "type": "file-explorer",
              "state": {
                "sortOrder": "alphabetical"
              }
            }
          },
          {
            "id": "7ea74af662074a58",
            "type": "leaf",
            "state": {
              "type": "search",
              "state": {
                "query": "",
                "matchingCase": false,
                "explainSearch": false,
                "collapseAll": false,
                "extraContext": false,
                "sortOrder": "alphabetical"
              }
            }
          },
          {
            "id": "ece698c999cb7405",
            "type": "leaf",
            "state": {
              "type": "bookmarks",
              "state": {}
            }
          }
        ]
      }
    ],
    "direction": "horizontal",
    "width": 300
  },
  "right": {
    "id": "def91e9008726b0c",
    "type": "split",
    "children": [
      {
        "id": "15b10b67fe52a567",
        "type": "tabs",
        "children": [
          {
            "id": "c3d6c8394b8ce0bd",
            "type": "leaf",
            "state": {
              "type": "backlink",
              "state": {
                "collapseAll": false,
                "extraContext": false,
                "sortOrder": "alphabetical",
                "showSearch": false,
                "searchQuery": "",
                "backlinkCollapsed": false,
                "unlinkedCollapsed": true
              }
            }
          },
          {
            "id": "5b301bdf571a0729",
            "type": "leaf",
            "state": {
              "type": "outgoing-link",
              "state": {
                "linksCollapsed": false,
                "unlinkedCollapsed": true
              }
            }
          },
          {
            "id": "aff172c5f147ddfa",
            "type": "leaf",
            "state": {
              "type": "tag",
              "state": {
                "sortOrder": "frequency",
                "useHierarchy": true
              }
            }
          },
          {
            "id": "cc418a67b88bf891",
            "type": "leaf",
            "state": {
              "type": "outline",
              "state": {}
            }
          }
        ]
      }
    ],
    "direction": "horizontal",
    "width": 300,
    "collapsed": true
  },
  "left-ribbon": {
    "hiddenItems": {
      "switcher:Open quick switcher": false,
      "graph:Open graph view": false,
      "canvas:Create new canvas": false,
      "daily-notes:Open today's daily note": false,
      "templates:Insert template": false,
      "command-palette:Open command palette": false,
      "obsidian-markbase:Sync all Markbase projects": false
    }
  },
  "active": "62a6857671bee9ac",
  "lastOpenFiles": [
    "6. SEO/1. SEO Performance.md",
    "3. Luma Partners Notes.md",
    "6. SEO/digital-investment-banking_broad-match_us_2023-09-07.xlsx",
    "6. SEO/advertising-m_a_broad-match_us_2023-09-07.xlsx",
    "6. SEO/media-and-communications-investment-ba_broad-match_us_2023-09-07.xlsx",
    "6. SEO/tech-valuation-multiples_broad-match_us_2023-09-07.xlsx",
    "6. SEO/Semrush-Backlinks__Overview-URL__https___lumapartners_com_lumascapes_-7th_Sep_2023.pdf",
    "6. SEO/media-m_a_broad-match_us_2023-09-07.xlsx",
    "6. SEO/m_a-activity-q1-2023_broad-match_us_2023-09-07.xlsx",
    "6. SEO/adtech-m_a_broad-match_us_2023-09-07.xlsx",
    "6. SEO/lumapartners.com-organic.Positions-us-20230906-2023-09-07T12_37_49Z.xlsx",
    "6. SEO/Semrush-Organic_Research__Overview_(Desktop)-lumapartners_com-7th_Sep_2023.pdf",
    "Pasted image 20230907162738.png",
    "1. Job Requirements/3. Onboarding Questions.md",
    "1. Job Requirements/2. Project Requirements.md",
    "1. Job Requirements/1. Job Proposal.md",
    "6. SEO/2. SEO Recommendations.md",
    "3. Google Analytics/1. Google Analytics.md",
    "6. SEO/Daily-Google-Traffic-Tiers.jpg",
    "6. SEO/Pasted image 20230907152933.png",
    "6. SEO/Pasted image 20230907152843.png",
    "6. SEO/Pasted image 20230907143657.png",
    "2. Brand Info/Ignatious Web Outline.md",
    "6. SEO/Pasted image 20230907143149.png",
    "6. SEO/Pasted image 20230907101216.png",
    "6. SEO/Pasted image 20230907101136.png",
    "6. SEO/Pasted image 20230907100750.png",
    "5. Social Media/5. Twitter.md",
    "5. Social Media/4. LinkedIn.md",
    "5. Social Media/3. Instagram.md",
    "5. Social Media/2. Facebook.md",
    "5. Social Media/1. Overview.md",
    "4. Email Marketing/1. Email Marketing.md",
    "3. Google Analytics/Pasted image 20230907021939.png",
    "X. Final Compilation/X. Reference (SOSTAC & RACE).md",
    "1. Job Requirements/4. Kick-Off Call.md",
    "2. Brand Info/Why Ignatious.md",
    "2. Brand Info/Brand Insights.md"
  ]
}